{"latent_dimension": 20, "hidden_layers": 2, "correction_updates": 20, "alpha": 0.01, "non_lin": "leaky_relu", "d_in_A": 1, "d_in_B": 4, "d_out": 1, "minibatch_size": 500, "name": "gns", "directory": "results/1613700454", "current_train_iter": 82000, "initial_U": [399.0], "A_mean": [0.0, 0.0, 0.08255444886402044], "A_std": [1.0, 1.0, 0.17580375469346807], "B_mean": [0.0, 0.005844572264972656, 0.0, 46.827197365928875], "B_std": [1.0, 0.00458764015054426, 1.0, 128.24172577578793], "proxy": false}